date,description,amount
22-12-2016,ORTT00701621069,-2237.13
09-02-2017,CASHDEP/KAROL BAGH/LCT,70000
29-01-2018,FDRL/INTERNAL FUND TRANSFE,-500000
18-04-2016,IMPS OW 18042016 4C,-41445212.36
29-03-2016,CASHDEP/GURGAON/,536000
27-07-2017,CR719811509459/RMCPL15699/1,-1530
08-06-2016,IMPS RTN 07062016 1C,11504.6
30-10-2018,RTGS/ICICH18303441303/Indfor,500000
15-01-2018,FDRL/INTERNAL FUND TRANSFE,-38882
21-09-2018,IMPS 826420324405 FROM OX,200000
23-01-2017,7.02316E+11,5000
28-07-2015,CASHDEP/NEW-DELHI/,128000
08-06-2018,RTGS/SBINH18159070642/SHR,210000
16-04-2018,Indiaforensic AEPS NPCI WDL SET,31464000
08-06-2018,OXYGEN NFS SETT 07-06-201,-6000
01-09-2016,TRF TO  Indiaforensic SERVICES I,-15000000
28-01-2016,CASHDEP/KALYAN-W/,165000
26-08-2015,NEFT/AXISF15238096579/Indfor,14000000
25-09-2018,BEAT CSH PKP DEL GURG 727,100000
16-12-2015,DSB SHORT CSH 1000X2 1512,-2000
16-11-2017,IMPS-732018638373,200000
15-01-2018,AEPS Indiaforensic GST 140118,27601.07
13-11-2015,CHQ DEP/339374/OWDEL1/SBI,15000
06-02-2019,Indiaforensic RUP SETT 060219-2C,201.91
25-11-2017,IMPS-732914750626,200000
21-04-2016,NAAPTOL ONLINE SHOPPING P,-5579
21-08-2018,Indiaforensic NFS SETT 16-08-201,-10000
21-06-2016,NEFT/SBIN516173432934/Indfor,14900000
01-08-2017,AEPS Indiaforensic INCOME 310717,105013.48
12-07-2016,INTERNAL FUND TRANSFER IN,-15000000
02-09-2016,CASHDEP/SURAT/,156000
06-07-2018,CR818412274688/RMCPL26684/0,-10000
30-10-2017,E-BILLING SOLUTIONS PRIVA,-9455
19-12-2017,NEFT/FDRL656259995/Indiaforensic,1000000
30-11-2018,ICA 17825 Indiaforensic MC DOM 3,3332083.27
13-08-2017,7.225E+11,200000
14-09-2018,Indiaforensic NFS SETT 12-09-201,-8000
09-01-2017,CASHDEP/NOIDA/TP,1614500
20-01-2016,CASHDEP/KAROL BAGH/,122000
27-12-2016,CASHDEP/PITAMPURA/LCT,450000
11-05-2018,RTGS/DLXBH18131500604/KAD,200000
03-10-2018,Indiaforensic RUPAY STL INTC0310,-43.58
20-08-2018,CR822611647486/RMCPL26747/1,-10000
04-07-2016,CASHDEP/NOIDA/TP,225000
19-12-2017,FDRL/REAL TIME GROSS SETTL,-1000000
12-09-2018,FDRL/NATIONAL ELECTRONIC F,-29650
09-08-2018,Indiaforensic NFS SETT 07-08-201,-8500
23-03-2016,RTGS/ICICH16083324150/Indfor,15000000
26-10-2015,NEFT/SD1246406812/Indiaforensic,3600000
22-03-2018,NEFT/P18032294741693/KADU,15000
03-05-2017,FDRL/INTERNAL FUND TRANSFE,7000000
02-05-2016,CASHDEP/KAROL BAGH/,160000
07-06-2016,LOCALCUBE COMMERCE PRIVAT,-30190
05-05-2018,TRF FROM  Indiaforensic SERVICES,4000000
21-12-2015,INTERNAL FUND TRANSFER IN,-15000000
04-05-2016,INTERNAL FUND TRANSFER IN,-15000000
15-11-2017,FDRL/NATIONAL ELECTRONIC F,-284217
19-09-2018,TRF TO  Indiaforensic SERVICES I,-4000000
07-03-2018,FDRL/NATIONAL ELECTRONIC F,-20439
20-07-2015,IMPS I/W DTD.200715 FOR 2,116855.88
07-12-2017,AEPS Indiaforensic INCOME 061217,173574.98
09-11-2016,STAMP PAPER PURCHASING,-440
22-01-2018,NEFT/N022180457843946/PAY,1117851.84
09-01-2017,CASHDEP/GURGAON/LCT,292000
28-07-2016,INTERNAL FUND TRANSFER IN,-10000000
03-05-2016,CASHDEP/KAROL BAGH/,179000
02-09-2015,CASHDEP/RMALL/,130300
05-04-2017,SWIFT CHARGES,-500
18-09-2017,FDRL/INTERNAL FUND TRANSFE,-1000000
09-08-2018,FDRL/NATIONAL ELECTRONIC F,-28410
23-03-2017,FDRL/INTERNAL FUND TRANSFE,-10000000
14-12-2017,RTGS/BARBH17348883903/MAK,223333
05-09-2017,MASTER POSDOM ACQ SETTL02,257935.74
09-07-2018,Indiaforensic MASTER ACQ DOM08-0,3987860.36
27-04-2018,IMPS 811720011589 FROM OX,200000
23-08-2018,NEFT/SBIN218235984258/HUS,11797.05
12-08-2016,INTERNAL FUND TRANSFER IN,-15000000
14-09-2016,CASHDEP/PITAMPURA/,580000
16-10-2018,TRF TO  Indiaforensic SERVICES I,-900000
20-12-2016,IMPS OW 20122016 3C,-46575656.33
12-02-2016,CASHDEP/PANIPAT/0146,242000
14-08-2015,CASHPMT/GURGAON/SELF,-45000
21-10-2016,TRF FRM  Indiaforensic SERVICES,15000000
09-10-2015,RTGS/ICICH15282081682/Indfor,8000000
12-09-2016,RTGS/SBINH16256259938/Indfor,14900000
29-10-2016,TRF TO  Indiaforensic SERVICES I,-5000000
08-09-2016,INTERNAL FUND TRANSFER IN,-15000000
07-04-2018,FDRL/NATIONAL ELECTRONIC F,-17972
30-09-2016,Indiaforensic SERVICES INDIA PVT,-1043285.33
13-08-2018,Indiaforensic NFS SETT 09-08-201,-7000
07-10-2017,FDRL/INTERNAL FUND TRANSFE,-3000000
05-11-2015,NEFT RETURN/20151105NOC01,338737
31-07-2017,RTGS/CITIH17212702773/PAY,19440000
06-10-2018,CR827416621722/RMCPL24103/0,-5000
16-03-2016,CASHDEP/BADLAPUR/,103500
04-03-2017,NEFT/BARBH17063437844/POO,4000
11-05-2018,IMPS 813120128869 FROM OX,200000
12-08-2015,CASHDEP/RAJOURI/,20000
07-06-2018,FDRL/NATIONAL ELECTRONIC F,-33626
30-04-2016,CASHDEP/FARIDABAD/TP,943500
22-12-2017,NEFT/N356170437171986/PAY,11000000
24-04-2018,FUTURE RETAIL LIMITED (OW,-15667
17-06-2017,FDRL/INTERNAL FUND TRANSFE,8000000
11-08-2016,Indfor,10000
03-06-2015,DSB CASH PICKP IndiaforensicMET0,1450000
16-10-2018,FDRL/NATIONAL ELECTRONIC F,-121468
14-06-2018,NEFT/BARBP18165929047/MAK,68888
29-02-2016,NEFT/FDRL401249590/Indiaforensic,10000000
23-06-2016,TRF TO Indiaforensic SERVICES IN,-15000000
31-07-2015,CASHDEP/RAJOURI/,187000
09-08-2018,FDRL/NATIONAL ELECTRONIC F,-27493
08-07-2016,CASHDEP/NOIDA/TP,653500
29-05-2017,RTGS/ICICH17149881357/Indfor,5000000
29-02-2016,Indiaforensic SERVICES INDIA PVT,15281624.77
10-08-2016,IRCTC CORPORATE OFFICE AC,-10011
11-04-2016,IMPS OW 09042016 1C,-120650993.2
09-03-2016,CASHDEP/PITAMPURA/TP,897400
23-10-2018,Indiaforensic NFS SETT 20-10-201,-5000
01-10-2018,Indiaforensic NFS SETT 30-09-201,-500
09-10-2015,IMPS O/W RTN & I/W RTN  0,166302.1
04-09-2017,NEFT/N247170360223898/PAY,39950.63
21-06-2018,TRF TO  Indiaforensic SERVICES I,-4600000
08-09-2017,7.25122E+11,200000
13-03-2018,Indiaforensic AEPS NPCI DEP SET,-32297603
07-08-2018,Indfor INCOME INDO REMI06081,-3720
12-04-2018,E-BILLING SOLUTIONS PRIVA,-500
15-06-2018,Indiaforensic NFS SETT 14-06-201,-4000
30-11-2015,RTGS/SBINH15334904412/Indfor,14900000
03-01-2017,IMPS IW 03012017 3C,85781.65
18-03-2017,CASHDEP/FARIDABAD/TP,154000
11-02-2019,Indiaforensic RUP SETT 110219-2C,0.01
11-01-2019,NEFT/000062991927/MEHAR E,-1584
30-07-2018,TRF TO Indiaforensic SERVICES IN,-15000000
13-06-2016,COMMDEL CONSUTING SERVICE,-250
19-12-2017,FDRL/REAL TIME GROSS SETTL,-3000000
30-03-2016,INTERNAL FUND TRANSFER IN,-15000000
29-09-2017,FDRL/NATIONAL ELECTRONIC F,-2295
11-07-2016,NEFT/FDRL428254340/Indiaforensic,2000000
05-01-2019,AEPS INC DT 01-04-2019 RO,1976.83
23-11-2016,6.32818E+11,3000
05-07-2018,TRF FROM  Indiaforensic SERVICES,50000
12-08-2015,CASHDEP/RMALL/,130000
20-04-2018,CHQ DEP/51/OWDEL1/HDFC/NE,11800
23-02-2018,RTGS/IDFBH18054300676/ART,10000000
16-12-2015,CASHDEP/RAJOURI/,573000
10-10-2017,FDRL/NATIONAL ELECTRONIC F,-19040
29-02-2016,IMPS IW 29022016 4C,40813.61
06-06-2017,HUNGAMA DIGITAL MEDIA ENT,-97
10-08-2018,IMPS 0908181C,-941975.41
20-07-2017,7.20116E+11,40000
24-06-2016,CASHDEP/HYDERABAD/,59500
27-10-2017,FDRL/INTERNAL FUND TRANSFE,-28000
01-08-2017,MASTER POSDOM ACQ SETTL31,272447.42
11-01-2018,BIGTREE ENTERTAINMENT PRI,-130
25-09-2017,FDRL/INTERNAL FUND TRANSFE,500000
19-12-2017,NEFT/IOBAN17353672159/K A,2500
04-07-2016,TRF TO Indiaforensic SERVICES IN,-15000000
17-02-2018,FDRL/REAL TIME GROSS SETTL,-1000000
07-09-2016,CASHDEP/KAROL BAGH/,592000
07-04-2017,IMPS OW 06042017 1C,-20491291.11
26-06-2018,MEHAR ENTERTAINMENT PRIVA,-5991
03-02-2015,BEAT CASH PICKP DELH 3796,700000
23-08-2017,COMMDEL CONSULTING SERVIC,-278
06-07-2017,MASTER POSDOM ACQ SETTL05,234781.48
13-03-2018,AVENUES INDIA PRIVATE LIM,-8239
17-08-2018,CB822317009929/RMCPL13501/1,-10000
14-07-2017,CR718811851889/RMCPL14638/0,-1000
22-08-2017,TRF TO  Indiaforensic SERVICES I,-14500000
02-11-2017,TRF TO  Indiaforensic SERVICES I,-4900000
18-02-2019,TRF TO 1196428  Indiaforensic SE,-167860.6
19-08-2015,IMPS O/W 190815 3C,-62021923.68
18-09-2017,NEFT/BDBLH17261001209/PAW,25000
23-02-2018,BEAT CSH PKP DEL GURG 617,234000
11-01-2016,TRF TO Indiaforensic SERVICES IN,-15000000
01-02-2018,IMPS 3101181C,-1177711.95
02-08-2018,MAW/502964XXXXXX4275/Karu,600
05-08-2016,IRCTC CORPORATE OFFICE AC,-6126
27-03-2017,RTGS/BARBH17086985580/MAK,200550
08-06-2018,IMPS 815917347298 FROM AS,60005
20-10-2016,NEFT/SBIN916294517393/Indfor,14900000
20-06-2018,RTGS/PUNBH18171220945/MAN,300000
27-07-2017,CR719611629356/RMCPL12359/1,-200
23-01-2018,FUTURE RETAIL LIMITED (OW,-2022
20-01-2016,CASHDEP/THANEWEST/,342500
12-06-2017,NEFT/CITIN17790625341/PAY,29167.88
21-10-2017,BEAT CSH PKP DEL GURG 520,186000
28-09-2015,CASHDEP/BHI-RIICO/,597010
15-03-2017,CASHDEP/VIKASMARG/TP,100000
14-08-2017,7.2262E+11,200000
27-12-2018,Indiaforensic RUPAY STL INTC2712,-48.9
27-02-2017,BEAT CSH PKP DEL GURG 148,500000
02-06-2018,FDRL/INTERNAL FUND TRANSFE,7000000
16-11-2017,FDRL/INTERNAL FUND TRANSFE,10000000
15-10-2015,INTERNAL FUND TRANSFER IN,-8000000
25-10-2017,ALT DIGITAL MEDIA ENTERTA,-176
03-12-2018,TRF TO  Indiaforensic SERVICES I,-1200000
24-10-2017,7.29719E+11,200000
06-05-2017,TRF FRM  Indiaforensic SERVICES,1000000
26-06-2018,JUST DIAL LIMITED,-194
08-11-2016,TRF FRM  Indiaforensic SERVICES,15000000
19-04-2018,NEFT/N109180523003986/PAY,3717584.73
30-04-2015,DSB CASH PICKP IndiaforensicMET3,1100000
06-01-2016,IMPS IW 06012016 2C,15164.16
10-12-2015,INTERNAL FUND TRANSFER IN,-10000000
31-01-2018,CR801018228190/RMCPL11402/1,-1000
01-10-2018,Indiaforensic  RUPAY SETT 011018,-30099.61
18-10-2016,TRF FROM  Indiaforensic SERVICES,15000000
21-09-2018,Indiaforensic VISA ACQ INT 18091,3026.11
25-01-2016,TRF TO  Indiaforensic SERVICES I,-15000000
03-02-2017,7.03411E+11,10054
07-07-2018,FDRL/INTERNAL FUND TRANSFE,500000
21-03-2017,CASHDEP/GURGAON/,237500
17-02-2016,IMPS OW 17022016 3C,-68926806.92
31-01-2019,FDRL/INTERNAL FUND TRANSFE,-500000
12-02-2019,FDRL/NATIONAL ELECTRONIC F,-31335.5
13-07-2018,INDIAIDEAS.COM LTD,-146929
24-08-2018,Indiaforensic SERVICES INDIA PVT,149259
09-01-2017,CASHDEP/GHATKOPAR/LCT,348000
03-11-2018,FDRL/INTERNAL FUND TRANSFE,-500000
05-04-2017,SERVICE TAX,-35
22-08-2016,INTERNAL FUND TRANSFER IN,-15000000
14-09-2018,NEFT/SAA145672206/LIBRA F,11800
22-05-2017,RUPAY POS ACQ SETTL 21051,765386.96
03-03-2016,INTERNAL FUND TRANSFER IN,-5000000
20-03-2017,7.07916E+11,100000
01-06-2018,IMPS 010620182C,-2239335.14
07-12-2016,CASHDEP/GURGAON/LCT,94000
31-10-2016,6.30521E+11,1000
18-11-2017,TRF TO  Indiaforensic SERVICES I,-500000
16-03-2017,CR/704011496173/RMCPL07310/,-2000
03-05-2018,FDRL/INTERNAL FUND TRANSFE,-1000000
27-04-2018,FDRL/INTERNAL FUND TRANSFE,-500000
21-02-2019,FDRL/NATIONAL ELECTRONIC F,-2500
05-01-2017,CHQ DEP/79/OWDEL1/KKBK/KA,220000
02-05-2016,BSES YAMUNA POWER LIMITED,-4770
29-08-2016,IMPS 28082016 1C,13.3
23-12-2016,CASHDEP/THANEWEST/LCT,101600
05-12-2015,INTERNAL FUND TRANSFER IN,-15000000
12-12-2017,FDRL/NATIONAL ELECTRONIC F,-13697
31-10-2018,TRF TO  Indiaforensic SERVICES I,-13300000
28-01-2019,NEFT/FDRL1019063153/ARTHAS,264
05-03-2018,JUST DIAL LIMITED,-7835
04-10-2018,Indiaforensic RUPAY STL INTC2409,0.02
04-03-2016,RTGS CHARGES AND STAX/RAT,-28.63
06-07-2016,RTGS/HDFCH16188606480/Indfor,2000000
03-05-2018,CR811709527858/RMCPL18236/2,-4000
16-12-2015,INTERNAL FUND TRANSFER IN,-15000000
15-01-2018,FDRL/NATIONAL ELECTRONIC F,-47218
21-09-2015,P2P NEFT SETTLEMENT  INTE,-2004079
02-08-2018,MAW/502964XXXXXX6052/Karu,2000
03-02-2017,SYNERGISTIC FINANCIAL NET,-269815
30-11-2016,TRF TO  Indiaforensic ONLINE SER,-15000000
04-07-2017,RTGS/UTIBH17185636040/Indfor,7200000
24-01-2018,FDRL/INTERNAL FUND TRANSFE,7000000
10-07-2018,FDRL/NATIONAL ELECTRONIC F,-21271
27-07-2018,Indiaforensic RUPAY POS ACQ27071,1034933.71
20-03-2018,NEFT/N079180499711169/PAY,870744.47
11-10-2018,FDRL/NATIONAL ELECTRONIC F,-12596
10-07-2018,OXYGEN NFS SETT 07-07-201,-8000
02-05-2018,NEFT/N122180531040724/ASH,90555
25-01-2017,Indiaforensic AEPS NPCI DEP SET,-1237151
24-07-2018,TRF FROM  Indiaforensic SERVICES,1000000
28-09-2018,FDRL/INTERNAL FUND TRANSFE,-500000
21-12-2018,NEFT/000060638294/MEHAR E,-3865
14-06-2017,MASTER POSDOM ACQ SETTL13,570350.53
24-01-2018,CB801113644265/RMCPL18177/1,-3000
27-08-2018,FDRL/INTERNAL FUND TRANSFE,-500000
09-07-2018,CHQ DEP/292033/OWDEL1/CNR,11800
20-09-2018,CR826012168678/RMCPL19942/1,-500
09-08-2017,IRCTC CORPORATE OFFICE AC,-501610
19-11-2018,Indiaforensic NFS SETT 17-11-201,-1000
07-05-2016,IMPS IW 07052016 4C,58301.76
06-10-2018,CR827612014014/RMCPL09550/0,-9000
05-12-2018,ICA 17825 Indiaforensic MC DOM 0,4436153.72
04-12-2017,E-BILLING SOLUTIONS PRIVA,-6111
19-10-2017,IMPS 191017 4C,-8747623.57
18-07-2017,CR717810962020/RMCPL14181/1,-2040
26-04-2017,NEFT/SBIN417116566993/Indfor,13600000
17-07-2015,INTERNAL FUND TRANSFER IN,-10000000
12-04-2018,FDRL/NATIONAL ELECTRONIC F,-54814
14-12-2016,CASHDEP/THANEWEST/LCT,73200
22-08-2016,CASHDEP/GURGAON/,300000
06-11-2017,RTGS/HDFCH17310288099/PAY,25920000
13-04-2015,CASHDEP/RAJOURI/,632000
28-12-2015,FTR FROM  Indiaforensic SERVICES,15000000
04-07-2018,IMPS 0407183C,-5817750.66
19-10-2015,CHQ DEP/795604/OWDEL1/SBI,15000
04-05-2016,CASHDEP/RAJOURI/,386900
08-12-2015,NEFT/AXISF15342013915/Indfor,2000000
19-08-2015,IMPS I/W 190815 2C,13351.98
23-02-2017,NEFT/AXIC170547230166/Indfor,8800000
13-10-2017,7.28621E+11,200000
01-12-2016,Indiaforensic AEPS NPCI WDL SET,505781
13-11-2017,RTGS/HDFCH17317839438/PAY,10640000
26-02-2016,CASHDEP/KAROL BAGH/,440500
27-11-2018,FDRL/NATIONAL ELECTRONIC F,-116316
17-06-2017,CR713517263731/RMCPL12251/1,-1000
03-01-2019,FDRL/NATIONAL ELECTRONIC F,-87737.5
25-01-2017,CASHDEP/DAMAN/LCT,8000
16-08-2018,TRF FROM  Indiaforensic SERVICES,10000000
17-09-2018,FDRL/REAL TIME GROSS SETTL,-431617.44
07-11-2015,RTGS/ICICH15311366253/Indfor,15000000
03-06-2016,BIGTREE ENTERTAINMENT PRI,-7936
07-05-2016,BEAT CASH PICKP DELH 1206,261350
04-04-2017,FDRL/INTERNAL FUND TRANSFE,-1000000
14-02-2017,CASHDEP/GURGAON/LCT,632000
08-02-2019,NEFT/N039190747468552/TEC,100000
26-03-2016,CASHDEP/DOMBIVLI-E/,100000
18-03-2017,FUTURE RETAIL LIMITED (OW,-18480
31-03-2018,INDO GIBL Indiaforensic STL30031,-85750
25-10-2018,IRTT00701830743,-581.17
17-09-2018,AEPS ACQ REP ADJ FEES 150,11.8
06-11-2017,NEFT/KKBK173109611777/Acc,12000000
23-08-2017,FDRL/REAL TIME GROSS SETTL,-3000000
02-11-2016,TRF FRM  Indiaforensic SERVICES,15000000
23-10-2018,FDRL/INTERNAL FUND TRANSFE,-100000
26-09-2018,FDRL/INTERNAL FUND TRANSFE,500000
23-01-2019,MICRO ATM INC DATED 23011,143.28
28-09-2018,Indiaforensic NFS SETT 27-09-201,-10000
09-11-2017,FDRL/NATIONAL ELECTRONIC F,-4583
07-04-2016,RTGS/YESBH16098434982/Indfor,-10000000
10-01-2019,INDIAIDEAS.COM LTD,-9779
20-11-2016,6.32517E+11,5000
05-05-2016,CASHDEP/KAROL BAGH/,354000
06-02-2019,Indiaforensic VISA ACQ INT 03021,6052.03
17-04-2015,CASHDEP/NEW-DELHI/,222000
30-10-2018,Indiaforensic NFS SETT 27-10-201,-300
27-09-2018,CR826509377221/RMCPL11592/2,-1500
10-11-2016,CASHDEP/GURGAON/,1375000
31-01-2018,CR801008851402/RMCPL17289/1,-10000
07-03-2018,AEPS ACQREP ADJ FEES 0603,17.7
07-06-2018,FDRL/INTERNAL FUND TRANSFE,-5000000
30-10-2018,TRF FROM  Indiaforensic SERVICES,10000000
02-03-2016,CASHDEP/VAPI/,315500
23-06-2016,TRF FROM Indiaforensic SERVICES,15000000
07-02-2017,AVENUES INDIA PRIVATE LIM,-24692
01-08-2016,AIRPAY PAYMENT SERVICES P,-10171
29-05-2018,OXYGEN NFS SETT 27-05-18,-500
05-12-2016,NEFT/000011236897/Indiaforensic,-15000000
12-09-2018,FDRL/NATIONAL ELECTRONIC F,-28610
02-02-2018,NEFT/20415112621DC/ARTHAS,125000
02-09-2015,PAYU PAYMENTS PRIVATE LIM,-3671
07-04-2018,FDRL/NATIONAL ELECTRONIC F,-62865
29-12-2017,FDRL/INTERNAL FUND TRANSFE,-200000
29-01-2016,CASHDEP/VAPI/,126500
18-09-2018,RTGS/HDFCH18261572329/BAT,300000
25-05-2016,CASHDEP/FARIDABAD/TP,310000
14-10-2016,CASHDEP/FARIDABAD/TP,300000
06-06-2016,CASHDEP/RAJOURI/,103000
28-01-2016,BSES RAJDHANI POWER LIMIT,-34570
16-06-2016,CASHDEP/NALASOPARA/,51000
02-11-2018,CHQ DEPOSIT RETURN/73244/,-100
16-01-2019,FDRL/INTERNAL FUND TRANSFE,-400000
08-11-2017,FDRL/NATIONAL ELECTRONIC F,-116147
01-09-2015,IMPS I/W 010915 4C,114913.5
21-01-2019,Indiaforensic RUPAY POS ACQ21011,1299002.84
23-03-2018,Indiaforensic MASTER INT SET 220,4887.86
24-09-2018,Indiaforensic RUPAY POS ACQ22091,2208240.16
27-07-2017,CR719411649309/RMCPL10064/1,-3000
08-02-2016,DSB CASH PICKP Indiaforensic GUR,1000000
07-07-2018,MAW/502964XXXXXX6016/Akol,700
12-10-2017,FDRL/INTERNAL FUND TRANSFE,-5000000
16-09-2016,INTERNAL FUND TRANSFER IN,-15000000
11-09-2017,MAESTRO POSDOM ACQ SETTL0,97387.69
18-05-2016,CASHDEP/GURGAON/,100000
16-07-2018,NEFT/P18071667202204/M/S,25000
10-05-2018,FDRL/NATIONAL ELECTRONIC F,-3750
10-04-2017,RTGS/KVBLH17100000385/Indfor,700000
16-11-2015,TRF FROM Indiaforensic SERVICES,15000000
18-08-2015,IMPS I/W 180815 2C,16243.68
10-10-2016,CASHDEP/KAROL BAGH/,624000
22-01-2016,NEFT/AXISF16022089028/Indfor,1250000
01-03-2016,CASHDEP/PANIPAT/0146,832000
07-03-2017,FDRL/INTERNAL FUND TRANSFE,10000000
19-02-2019,Sweep Trf To: 40900036427,-21000
24-07-2015,IRCTC CORPORATE OFFICE AC,-6462
04-08-2017,CR720112990623/RMCPL15356/2,-2000
01-06-2017,Indiaforensic AEPS NPCI WDL SET,16658404
13-09-2017,NEFT/SBIN417256128454/Indfor,5000000
12-12-2017,FDRL/INTERNAL FUND TRANSFE,5000000
25-09-2018,FDRL/INTERNAL FUND TRANSFE,5000000
29-02-2016,IMPS OW 29022016 2C,-12794520.63
04-06-2016,INTERNAL FUND TRANSFER IN,-5000000
07-11-2016,AEPS Indiaforensic S TAX 061116,373.76
07-06-2018,CR815211655455/RMCPL23894/0,-3000
05-07-2018,CR818018423001/RMCPL19798/2,-500
26-07-2016,INTERNAL FUND TRANSFER IN,-10000000
27-11-2017,FDRL/INTERNAL FUND TRANSFE,-10000000
29-07-2017,FDRL/INTERNAL FUND TRANSFE,-2000000
05-11-2018,Indiaforensic AEPS NPCI WDL SET,2360100
07-03-2018,FDRL/NATIONAL ELECTRONIC F,-128274
12-02-2018,TRF FROM  Indiaforensic SERVICES,2800000
21-05-2018,FDRL/NATIONAL ELECTRONIC F,-2139224
10-12-2018,Indiaforensic NFS SETT 06-12-201,-9000
08-09-2017,IRCTC CORPORATE OFFICE AC,-124495
07-04-2018,FDRL/NATIONAL ELECTRONIC F,-10821
18-12-2017,FDRL/INTERNAL FUND TRANSFE,500000
15-06-2017,FDRL/INTERNAL FUND TRANSFE,-100000
06-06-2017,Indiaforensic SERVICES INDIA PVT,-952815.54
19-05-2017,NEFT/CITIN17780781849/PAY,5429524.68
27-10-2017,7.3002E+11,200000
17-07-2017,Indiaforensic AEPS NPCI WDL SET,18811238
14-09-2016,Indiaforensic SERVICES INDIA PVT,-2088891.04
04-03-2015,DSB CASH PICKP IndiaforensicMET0,2700000
09-10-2017,CASHDEP/VIKASMARG/TP,77000
27-10-2017,7.30019E+11,200000
24-05-2017,Indiaforensic SERVICES INDIA PVT,-1153723.68
13-08-2018,CR821510001664/RMCPL25366/0,-2000
27-05-2016,CASHDEP/BOISAR/,232800
19-05-2018,FDRL/REAL TIME GROSS SETTL,-10000000
29-12-2017,Indiaforensic AEPS NPCI WDL SET,47877493
30-11-2015,PVR LIMITED,-88707
29-03-2017,VISA POS ACQ SETTL 270317,783420.38
11-12-2018,Indiaforensic NFS SETT 08-12-201,-300
09-01-2018,CR800214261203/RMCPL16571/0,-1000
25-05-2016,CASHDEP/GURGAON/,92500
05-07-2018,CR818118674563/RMCPL20275/3,-5000
08-06-2016,FINSPIRE SOLUTIONS PRIVAT,-54
16-06-2016,NEFT/FDRL387159995/Indiaforensic,8000000
01-05-2017,BBPS SETTLEMENT 01052017,-36802.24
26-05-2015,DSB CASH PICKP IndiaforensicGUR2,98360
28-08-2018,IMPS 2808182C,-705163.72
20-07-2016,CASHDEP/NOIDA/TP,999100
24-05-2017,IMPS 240517 2C,-8188500.23
07-11-2018,FDRL/NATIONAL ELECTRONIC F,-15333
24-01-2018,Indiaforensic AEPS NPCI WDL SET,47422584
07-06-2018,RTGS/UTIBH18158621094/PER,900000
18-02-2017,FDRL/INTERNAL FUND TRANSFE,2000000
22-02-2017,IBIBO GROUP PRIVATE LIMIT,-9512
04-08-2015,NEFT/AXISF15216094777/Indfor,4258000
22-04-2016,RTGS/YESBH16113634969/Indfor,-15000000
18-06-2018,IRCTC CORPORATE OFFICE AC,-101160
13-09-2017,FDRL/INTERNAL FUND TRANSFE,-3000000
24-07-2017,VOUCHER ACTIVATION SERVIC,-1249
03-10-2015,MTNL MUMBAI 2080301126,-1333
09-08-2018,Indiaforensic NFS SETT 07-08-201,-2000
28-07-2016,TRF FROM  Indiaforensic SERVICES,1500000
28-04-2017,Indiaforensic AEPS NPCI WDL SET,11506412
18-11-2017,TRF TO  Indiaforensic SERVICES I,-15000000
23-12-2015,CASHDEP/HAUS KHAS/CASH DE,251000
26-07-2018,CHQ DEP/127368/OWDEL1/PUN,11000
24-07-2018,FDRL/INTERNAL FUND TRANSFE,6000000
16-07-2018,Indiaforensic NFS SETT 15-07-201,-200
04-02-2016,NEFT/AXISF16035042852/Indfor,5500000
08-08-2015,INTERNAL FUND TRANSFER IN,-6000000
09-02-2017,Sweep Trf To: 40900036427,-3099335
08-11-2017,FDRL/NATIONAL ELECTRONIC F,-62379
14-03-2017,CASHDEP/GURGAON/LCT,399000
05-09-2015,RTGS/SBINH15248623477/Indfor,14900000
20-01-2017,RTGS/ICICH17020270876/Indfor,5000000
20-07-2018,Indiaforensic NFS SETT 18-07-201,-200
21-11-2017,TRF FROM  Indiaforensic SERVICES,10000000
30-11-2018,MICRO ATM GST DATED 29111,144.58
01-10-2018,IMPS 0110183C,-1441315.99
02-08-2017,IB:TPFT000041738231409000,50000
13-08-2018,INDIAIDEAS.COM LTD,-64207
28-07-2016,BIGTREE ENTERTAINMENT PRI,-737
15-10-2018,FDRL/INTERNAL FUND TRANSFE,-2000000
11-05-2018,FDRL/INTERNAL FUND TRANSFE,-1000000
18-01-2016,CASHDEP/HAUS KHAS/JASPREE,457000
23-03-2017,CASHDEP/KAROL BAGH/,210000
10-08-2015,INTERNAL FUND TRANSFER IN,-10000000
21-04-2017,FDRL/INTERNAL FUND TRANSFE,10000000
29-12-2015,CASHDEP/NAVPADA/,207000
07-06-2018,FDRL/NATIONAL ELECTRONIC F,-25210
12-05-2017,CASHDEP/VIKASMARG/TP,194000
21-12-2015,CASHDEP/KAROL BAGH/,590000
12-04-2016,IRCTC CORPORATE OFFICE AC,-72304
19-01-2019,FDRL/NATIONAL ELECTRONIC F,-29555
14-05-2018,FDRL/INTERNAL FUND TRANSFE,-500000
28-08-2018,Indiaforensic RUPAY STL INTC2808,-8
21-12-2016,IRCTC CORPORATE OFFICE AC,-36710
28-07-2015,IRTT00701509929,-3586.92
28-11-2016,Indiaforensic AEPS NPCI WDL SET,288100
06-12-2017,IMPS 061217 2C,-3480187.91
23-07-2015,NEFT/AXISF15204069740/Indfor,9800000
29-04-2015,CASHDEP/NEW-DELHI/,769000
28-11-2017,BBPS SETMNT FOR DT 281120,-256117.48
14-08-2017,FDRL/INTERNAL FUND TRANSFE,-10000000
04-09-2018,Indiaforensic VISA ACQ DOM040918,3810101.92
29-08-2016,NEFT/AXIC162421907779/Indfor,15000000
16-10-2017,AEPS ACQUIRING ADJ FEES 1,3.54
28-06-2018,INDIAIDEAS.COM LTD,-98793
03-08-2016,IMPS IW 03082016 4C,50205.6
08-12-2017,AEPS Indiaforensic GST 071217,34706.06
25-04-2015,CASHDEP/RAJOURI/,355000
18-10-2018,Indiaforensic RUPAY STL INTC1810,-12.43
24-11-2016,NEFT/SBIN316329943138/MOH,8000
09-03-2017,TRF FROM  Indiaforensic SERVICES,500000
27-11-2017,AEPS ACQUIRING ADJ FEES 2,-155.78
03-08-2015,CASHDEP/RAJOURI/,574000
07-03-2018,FDRL/NATIONAL ELECTRONIC F,-23281
23-10-2015,IMPS I/W 221015 1C,91124.48
22-10-2018,NEFT/000054081217/INDIAN,-14028000
29-02-2016,CASHDEP/DOMBIVLI-E/,460000
08-02-2017,CASHDEP/VIKASMARG/TP/CASH,104500
11-07-2015,INTERNAL FUND TRANSFER IN,-5000000
17-03-2016,NEFT/AXISF16077015858/Indfor,17500000
21-09-2015,CASHDEP/PANIPAT/0146,566000
06-10-2015,INTERNAL FUND TRANSFER IN,-8000000
29-03-2016,CASHDEP/RAJOURI/,321700
12-06-2018,FDRL/NATIONAL ELECTRONIC F,-13816
18-12-2018,Indiaforensic NFS SETT 15-12-201,-100
03-04-2018,ALT DIGITAL MEDIA ENTERTA,-98
09-01-2019,Indfor INCOME INDO REMI08011,-3720
11-08-2016,IMPS OW 11082016 3C,-66970657.85
06-11-2017,FDRL/INTERNAL FUND TRANSFE,5000000
27-01-2016,CASHDEP/GURGAON/,248000
01-10-2018,MICRO ATM INC DATED 01101,345.24
18-01-2018,BBPS SETMNT FOR DT 180120,-164097.27
20-07-2016,IMPS RTN 19072016 1C,122038.65
20-10-2016,CASHDEP/SADARBAZAR/,217000
28-04-2017,FDRL/INTERNAL FUND TRANSFE,8000000
03-07-2015,RTGS/YESBH15184077621/Indfor,-10000000
24-10-2018,Indiaforensic NFS SETT 23-10-201,-1000
30-01-2017,AEPS Indiaforensic INCOME 280117,36755.22
19-12-2015,CASHDEP/SILVASSA/,77010
14-07-2017,CR718611863576/RMCPL15450/0,-1000
11-04-2017,IRCTC CORPORATE OFFICE AC,-283575
13-11-2017,NEFT/SBIN517317120206/Indfor,14900000
21-04-2017,CASHDEP/HAUS KHAS/ANKUR,166000
12-02-2019,FDRL/INTERNAL FUND TRANSFE,-1000000
19-04-2016,RTGS/YESBH16110587408/Indfor,-15000000
31-03-2015,CASHDEP/NEW-DELHI/,1447000
22-02-2016,CASHDEP/RAJOURI/,100000
22-01-2016,CASHDEP/KAROL BAGH/,704000
08-06-2018,OXYGEN NFS SETT 07-06-201,-2000
18-12-2017,FDRL/INTERNAL FUND TRANSFE,-200000
06-01-2016,IMPS OW 06012016 3C,-60538635.13
17-01-2018,AEPS ACQUIRING ADJ FEES 1,-67.85
03-10-2015,CASHDEP/KALYAN-W/,306600
21-02-2019,FDRL/INTERNAL FUND TRANSFE,-1000000
01-07-2017,Indiaforensic SERVICES INDIA PVT,-973862.07
15-07-2016,Indiaforensic AEPS NPCI DEP SET,-100
08-08-2018,CHQ DEPOSIT RETURN/25310/,-11800
17-12-2018,IMPS 1712182C,-292641.76
01-07-2016,IMPS IW 01072016 2C,14103.1
30-09-2016,TRF TO Indiaforensic SERVICES IN,-15000000
13-08-2018,Indiaforensic RUPAY POS ACQ12081,2405658.23
06-09-2016,SONATA FINANCE PRIVATE LI,-50590
21-12-2016,FDRL/INTERNAL FUND TRANSFE,-10000000
10-11-2017,RTGS/ICICH17314423998/EKO,800000
07-11-2017,BHAGALPUR ELECTRICITY DIS,-1710
22-01-2019,FDRL/INTERNAL FUND TRANSFE,-100000
03-05-2016,INTERNAL FUND TRANSFER IN,-10000000
17-05-2017,CR712318195385/RMCPL12731/1,-1000
31-12-2015,Sweep Trf To: 40900036427,-3838765
24-04-2018,ZAAK EPAYMENT SERVICES PR,-218
12-08-2015,RTGS/ICICH15224042676/Indfor,3000000
18-08-2017,Sweep Trf To: 40900036427,-2550071
27-10-2017,INDO GIBL Indiaforensic STL26101,-208000
17-03-2016,CASHDEP/FARIDABAD/TP,700000
25-04-2016,PAYU PAYMENTS PRIVATE LIM,-24648
10-02-2016,CASHDEP/RAJOURI/,157000
29-08-2016,Indiaforensic SERVICES INDIA PVT,4078982.48
13-01-2017,TRF TO  Indiaforensic SERVICES I,-12000000
24-05-2017,FDRL/INTERNAL FUND TRANSFE,-15000000
20-03-2017,AEPS Indiaforensic INCOME 180317,36592.51
10-07-2018,Indiaforensic NFS SETT 09-07-201,-2000
16-10-2015,TRF TOESC,12000000
20-11-2018,TRF TO  Indiaforensic SERVICES I,-5000000
16-12-2016,FDRL/INTERNAL FUND TRANSFE,15000000
28-08-2018,INDO GIBL Indiaforensic STL27081,-518401
11-10-2018,Indiaforensic NFS SETT 10-10-201,-700
03-09-2018,FDRL/REAL TIME GROSS SETTL,-7256956.84
21-12-2018,MICRO ATM WDL FEE DT20121,95500
13-03-2018,E-BILLING SOLUTIONS PRIVA,-5856
28-12-2017,CR734510326460/RMCPL15725/1,-2500
09-05-2018,IMPS 080520181C,-4181045.15
16-07-2018,Indiaforensic NFS SETT 14-07-201,-8000
29-08-2016,TRF FRM  Indiaforensic SERVICES,15000000
20-06-2018,FDRL/NATIONAL ELECTRONIC F,-102326
03-01-2017,JUST DIAL LIMITED,-1781
19-05-2018,Indiaforensic  RUPAY SETT 190518,-4285.44
28-12-2015,CASHDEP/GURGAON/,804000
18-10-2018,Indiaforensic  RUPAY SETT 181018,141.23
10-10-2017,IMPS 101017 4C,-10770490.31
31-01-2018,CR801008851441/RMCPL18587/1,-500
06-11-2017,AEPS Indiaforensic INCOME 031117,207322.76
08-01-2019,Indiaforensic RUP STL INTC080119,0.22
19-07-2016,CASHDEP/CAPITOL PT/,223200
11-09-2018,FDRL/NATIONAL ELECTRONIC F,-221263
03-01-2019,NEFT/000062072740/QWIKCIL,-13300
23-07-2015,RTGS/ICICH15204065652/Indfor,15000000
06-11-2017,Indiaforensic AEPS NPCI DEP SET,-36659315
15-03-2016,NEFT/AXISF16075033834/Indfor,3500000
16-11-2016,LOCALCUBE COMMERCE PRIVAT,-22805
10-06-2015,CASHDEP/NEW-DELHI/,294500
10-03-2016,CASHDEP/GURGAON/,870000
22-08-2017,TRF FRM Indiaforensic SERVICES I,4000000
06-01-2017,RUPAY POS ACQ SETTL 06011,944257.4
29-04-2017,FT ZL17042954527DD7 SRI G,100000
11-11-2016,TFR TO 409000362497  IndforG,-15000000
06-07-2017,CASHDEP/HAUS KHAS/,90000
01-02-2018,IMPS 803223163772 FROM OX,200000
11-07-2016,INTERNAL FUND TRANSFER IN,-15000000
17-12-2016,CASHDEP/THANEWEST/LCT,61000
09-03-2018,FDRL/REAL TIME GROSS SETTL,-2000000
18-04-2017,CASHDEP/KAROL BAGH/,199900
31-10-2018,CHQ DEP/219535/OWDEL1/SBI,11800
18-06-2018,MEHAR ENTERTAINMENT PRIVA,-6222
12-12-2017,TRF FROM  Indiaforensic SERVICES,5000000
19-08-2015,BSES RAJDHANI POWER LIMIT,-21320
21-11-2016,LOCALCUBE COMMERCE PRIVAT,-27735
06-06-2018,Indiaforensic MASTER ACQ DOM0606,1083675.16
05-03-2018,MEHAR ENTERTAINMENT PRIVA,-14056
28-04-2016,TRF TO  Indiaforensic SERVICES I,-15000000
21-11-2016,CASHDEP/HAUS KHAS/SANJAY,331000
28-03-2017,CASHDEP/NOIDA/TP,500000
14-08-2018,MAW/502964XXXXXX7166/Karu,1700
06-07-2018,Indiaforensic MASTER ACQ DOM0607,2020691.4
19-09-2017,CR724218913063/RMCPL09986/3,-1020
24-08-2017,7.23621E+11,200000
29-09-2016,TRF TO  Indiaforensic SERVICES I,-15000000
03-06-2016,IMPS PENALTY RECD 0206201,86.25
08-11-2017,FDRL/NATIONAL ELECTRONIC F,-85915
23-06-2017,CR716411862648 RMCPL09810 1,-1500
09-07-2018,CHQ DEP/3563/OWDEL1/ICIC/,11800
24-04-2017,FDRL/INTERNAL FUND TRANSFE,9500000
02-02-2018,MEHAR ENTERTAINMENT PRIVA,-2880
24-04-2018,Indiaforensic RUPAY POS ACQ 2404,2710298.95
19-01-2019,FDRL/INTERNAL FUND TRANSFE,500000
13-11-2018,Indiaforensic NFS SETT 11-11-201,-9000
11-08-2017,IMPS 11082017 4C,-13777308.81
01-02-2016,CASHDEP/RAJOURI/,438000
30-06-2017,FDRL/INTERNAL FUND TRANSFE,-1000000
16-08-2018,Indiaforensic RUPAY STL INTC1608,2013.19
12-03-2018,AEPS Indiaforensic INCOME 090318,197281.76
16-07-2018,BBPS DT 15072018,3521.67
12-04-2018,FDRL/NATIONAL ELECTRONIC F,-150223
22-07-2016,IMPS IW 21072016 1C,26439.1
08-01-2018,IMPS 800811918548 FROM SA,20000
18-01-2019,FDRL/INTERNAL FUND TRANSFE,-300000
06-06-2017,FDRL/INTERNAL FUND TRANSFE,10000000
19-06-2017,IMPS 190617 3C,-33348053.04
28-12-2017,CR734816594258/RMCPL17350/1,-1500
20-08-2015,CASHDEP/NEW-DELHI/,194000
30-05-2016,INTERNAL FUND TRANSFER IN,-15000000
08-10-2015,IMPS O/W 081015 3C,-56907195.8
16-02-2018,FDRL/NATIONAL ELECTRONIC F,-16809
09-03-2018,FDRL/INTERNAL FUND TRANSFE,-200000
19-05-2018,TRF FROM  Indiaforensic SERVICES,10000000
23-11-2016,CASHDEP/THANEWEST/,80500
02-01-2018,IMPS 020118 3C,-11841545.08
27-10-2015,CHQ DEP/989046/OWDEL1/SBI,25000
26-10-2016,TRF FRM  Indiaforensic SERVICES,15000000
26-09-2017,IMPS 26092017 4C,-12457499.81
18-08-2018,IMPS 1808184C,-2148822.41
02-09-2016,6.24614E+11,5000
18-10-2016,IRCTC CORPORATE OFFICE AC,-5602
22-04-2016,RTGS/YESBH16113634968/Indfor,-15000000
24-08-2015,BIGTREE ENTERTAINMENT PRI,-10028
15-07-2016,IMPS IW 14072016 1C,51153.65
07-10-2016,IMPS OW 07102016 3C,-61686457.86
31-08-2015,NEFT/AXISF15243016059/Indfor,9000000
22-11-2018,Indiaforensic NFS SETT 21-11-201,-200
07-06-2018,FDRL/NATIONAL ELECTRONIC F,-10772
27-10-2015,RTGS/CITIH15300702719/PAY,16090238.2
16-06-2017,RTGS/YESBH17167536198/Indfor,-13500000
09-11-2015,INTERNAL FUND TRANSFER IN,-15000000
23-04-2018,CR810912229843/RMCPL22607/1,-1000
07-03-2017,FDRL/INTERNAL FUND TRANSFE,-15000000
13-11-2017,FDRL/INTERNAL FUND TRANSFE,-5000000
14-08-2018,FDRL/NATIONAL ELECTRONIC F,-19069
05-02-2018,FDRL/INTERNAL FUND TRANSFE,7000000
07-12-2018,MAW/502964XXXXXX7050/NAGA,1200
30-05-2016,Sweep Trf To: 40900036427,-8166416
19-04-2018,BIGTREE ENTERTAINMENT PRI,-3312
18-08-2017,FUTURE RETAIL LIMITED (OW,-56506
12-07-2018,TRF TO  Indiaforensic SERVICES I,-4500000
12-12-2017,FDRL/NATIONAL ELECTRONIC F,-26350
24-05-2018,FDRL/INTERNAL FUND TRANSFE,3000000
31-01-2018,CR801008840776/RMCPL15649/1,-2000
20-10-2018,FDRL/INTERNAL FUND TRANSFE,-500000
20-04-2018,FDRL/REAL TIME GROSS SETTL,-2000000
07-03-2016,INTERNAL FUND TRANSFER IN,-15000000
23-02-2017,FDRL/INTERNAL FUND TRANSFE,-10000000
15-02-2016,CASHDEP/PANIPAT/0146,75000
10-11-2016,CASHDEP/PITAMPURA/TP,296000
26-09-2016,CASHDEP/PITAMPURA/TP,640000
03-01-2017,BBPS SETTLEMENT FOR DT 03,-8.15
25-08-2016,NEFT/KKBK162385687826/Acc,4999997
14-10-2016,CASHDEP/NOIDA/TP,65000
30-12-2017,FDRL/INTERNAL FUND TRANSFE,15000000
26-09-2018,FDRL/INTERNAL FUND TRANSFE,-40680
02-05-2016,LOCALCUBE COMMERCE PRIVAT,-80501
12-11-2018,FDRL/INTERNAL FUND TRANSFE,200000
20-04-2017,Indfor RIF AEPS NPCI WDL SET,3400
20-02-2017,CASHDEP/NOIDA/TP,1223000
02-05-2017,FDRL/INTERNAL FUND TRANSFE,5000000
19-06-2017,IMPS 190617 4C,-15726664.01
04-01-2017,FDRL/INTERNAL FUND TRANSFE,-15000000
08-03-2016,IMPS IW 08032016 4C,65350.48
27-09-2018,CR826512424822/RMCPL15375/2,-2000
06-04-2017,CASHDEP/HAUS KHAS/GAURAV,70000
24-08-2018,IMPS 823615378199 FROM AS,150099
17-10-2017,BIGTREE ENTERTAINMENT PRI,-1220
13-10-2016,TRF TO  Indiaforensic SERVICES I,-8000000
19-11-2018,Indiaforensic NFS SETT 18-11-201,-1000
24-08-2018,IMPS 823620173525 FROM OX,200000
25-02-2019,TRF FROM  Indiaforensic SERVICES,25000
02-08-2016,IMPS OW 02082016 4C,-27883893.26
15-02-2019,Indiaforensic NFS SETT 13-02-201,-1000
20-12-2018,AEPS INC DT 19-12-2018 RO,2372.43
14-08-2018,FDRL/NATIONAL ELECTRONIC F,-63425
23-07-2018,MAW/502964XXXXXX3574/Karu,1700
01-01-2019,FDRL/INTERNAL FUND TRANSFE,1000000
23-10-2018,FDRL/NATIONAL ELECTRONIC F,-72186
16-04-2016,CASHDEP/BOISAR/,260200
26-07-2018,CB820109485569/RMCPL17015/2,-2000
18-08-2018,FDRL/INTERNAL FUND TRANSFE,-500000
10-03-2017,RTGS/IDFBH17069300101/ART,800000
20-02-2016,RTGS/ICICH16051269732/Indfor,15000000
25-10-2018,TRF TO  Indiaforensic SERVICES I,-400000
23-02-2017,LOCALCUBE COMMERCE PRIVAT,-3798
23-12-2016,NEFT/KKBK163586140131/Acc,4999993
12-02-2019,FDRL/INTERNAL FUND TRANSFE,-100000
17-08-2016,NEFT/FDRL456532364/Indiaforensic,2000000
14-08-2015,CASHDEP/RAJOURI/,123500
18-07-2017,CR718115612423/RMCPL12960/1,-2600
16-03-2017,CR/702810105900/RMCPL09435/,-1575
07-05-2016,CASHDEP/NOIDA/TP,622500
20-07-2018,TRF FROM  Indiaforensic SERVICES,1000000
25-11-2016,TRF FRM  Indiaforensic SERVICES,300000
03-03-2017,BIGTREE ENTERTAINMENT PRI,-6287
28-11-2017,NEFT/20351164881DC/ARTHAS,500000
24-09-2016,6.26816E+11,1000
31-10-2015,CHQ DEP/886974/OWDEL1/SBI,15000
04-02-2019,MICRO ATM GST DATED 04021,17.5
01-09-2018,Indiaforensic NFS SETT 31-08-201,-100
11-05-2018,IMPS 813120127262 FROM OX,200000
01-09-2017,7.24421E+11,200000
20-12-2016,VISA POS ACQ SETTL 191216,2976491.32
19-06-2017,NOMISMA MOBILE SOLUTIONS,-205
17-01-2017,CASHDEP/GURGAON/LCT,210000
07-04-2018,FDRL/NATIONAL ELECTRONIC F,-18552
25-04-2018,Indiaforensic RUPAY POS ACQ 2504,2599911.74
28-08-2015,CASHDEP/GURGAON/,350000
02-05-2016,RTGS/YESBH16123762397/Indfor,-15000000
19-09-2017,CR725610933815/RMCPL14740/1,-3030
17-11-2015,RTGS/SBINH15321414669/Indfor,14900000
06-02-2016,INTERNAL FUND TRANSFER IN,-10000000
02-12-2016,CASHDEP/RAJOURI/LCT,57050
27-07-2017,CR719811514025/RMCPL09136/1,-905
27-11-2015,IMPS IW 27112015 4C,78868.12
28-11-2016,6.33311E+11,2000
14-07-2015,CASHDEP/DAMAN/,169400
16-05-2018,CR813117458047RMCPL16197110,-1000
21-08-2017,FUTURE RETAIL LIMITED (OW,-3458
05-07-2016,IMPS PENALTY 04072016 1C,115
23-12-2015,"Indiaforensic USA, INC./USD/1839",12126945.61
09-03-2017,CHQ DEPOSIT RETURN/7/CHAR,-100
04-05-2017,FDRL/INTERNAL FUND TRANSFE,1000000
08-03-2018,BBPS DT 08032018,-208169.53
07-08-2015,CASHDEP/HAUS KHAS/JOHNY,100000
30-04-2018,AEPS Indiaforensic GST 270418,13774.36
26-08-2016,NEFT/AXIC162391664199/Indfor,12000000
08-11-2017,FDRL/NATIONAL ELECTRONIC F,-5317
13-06-2017,MAW/5029649802999011 NAGA,1500
31-05-2018,CHQ DEP/34726/OWDEL1/UBIN,11800
06-12-2017,CB732217329517/RMCPL20458/1,6900
03-03-2018,Indiaforensic AEPS NPCI WDL SET,15529786
08-06-2018,FDRL/REAL TIME GROSS SETTL,-2000000
04-09-2015,CASHDEP/RAJOURI/,121000
28-11-2016,CASHDEP/HAUS KHAS/KAMAL,485000
18-10-2017,FDRL/REAL TIME GROSS SETTL,-5000000
03-07-2017,MASTER POSDOM ACQ SETTL01,297397.96
13-10-2016,RTGS/HDFCH16287668837/Indfor,15000000
08-01-2018,PAYU PAYMENTS PRIVATE LIM,-70588
12-12-2016,IMPS RTN 09122016,3721
18-10-2018,AEPS GST INC DT 10-17-201,2491.37
04-01-2019,FDRL/INTERNAL FUND TRANSFE,500000
19-02-2016,CASHDEP/HAUS KHAS/JASPREE,256500
05-01-2017,CASHDEP/SILVASSA/,11500
16-07-2016,INTERNAL FUND TRANSFER IN,-15000000
09-10-2017,FDRL/REAL TIME GROSS SETTL,-5000000
22-08-2017,CR721409925039/RMCPL14040/0,-6150
27-10-2016,CASHDEP/PITAMPURA/TP,72500
02-06-2016,BEAT CASH PICKP 12062730,162100
21-05-2016,INTERNAL FUND TRANSFER IN,-15000000
27-11-2016,6.33215E+11,3500
11-08-2015,IRCTC CORPORATE OFFICE AC,-77673
14-11-2018,MICRO ATM INC DATED 14111,1074.24
18-09-2015,CASHDEP/GURGAON/,296000
14-10-2015,IMPS O/W RTN & CHGBACK 13,232902.62
06-09-2017,MAESTRO POSDOM ACQ SETTL0,121568.24
07-06-2018,FDRL/NATIONAL ELECTRONIC F,-25929
29-12-2015,CASHDEP/RAJOURI/,217000
29-05-2015,CASHDEP/SINHAGAD/,69500
14-08-2017,Sweep Trf To: 40900036427,-3099450
26-04-2016,INTERNAL FUND TRANSFER IN,-15000000
29-06-2017,E-BILLING SOLUTIONS PRIVA,-339
21-03-2017,7.08012E+11,50000
25-08-2015,CASHDEP/BHI-RIICO/,500050
02-09-2015,CASHDEP/HAUS KHAS/CASH DE,205000
22-08-2017,CR721411971341/RMCPL11471/0,-3000
28-05-2018,NEFT/N148180549003806/SHA,11800
19-09-2018,Indiaforensic RUPAY POS C2 ACQ19,604523.51
10-08-2015,CASHDEP/RAJOURI/,107000
08-06-2018,OXYGEN NFS SETT 07-06-201,-5000
26-09-2018,TRF FROM  Indiaforensic SERVICES,10000000
12-02-2018,NEFT/N043180473772397/PAY,3081505.78
15-05-2017,NOMISMA MOBILE SOLUTIONS,-118
10-08-2018,Indfor-MICRO ATM INC DT 0208,0.36
11-07-2016,IMPS OW 11072016 3C,-88900925.66
24-03-2017,CASHDEP/SURAT/,45000
26-11-2015,CASHDEP/KAROL BAGH/,508500
22-08-2017,CR721412010115/RMCPL11672/0,-1934
09-10-2017,IMPS  0910174C,-12771421.16
18-07-2017,MEHAR ENTERTAINMENT PRIVA,-1684
07-04-2018,FDRL/NATIONAL ELECTRONIC F,-19792
09-11-2018,PBGI01001800328:Bank Guar,-3540
15-10-2018,Indiaforensic VISA ACQ DOM151018,12028184.93
26-10-2016,RTGS/CITIH16300703814/PAY,69809451
17-10-2018,Indiaforensic MASTER ACQ DOM1710,5123996.66
24-08-2018,IMPS 823620172959 FROM OX,200000
20-12-2016,AEPS Indiaforensic S TAX 191216,2975.22
14-07-2017,CR718415995340/RMCPL14536/0,-200
17-06-2016,RTGS/KVBLH16169081885/Indfor,1100000
27-07-2016,PVR LIMITED,-156
28-01-2019,INDIAN OIL CORPORATION LT,-2000
04-06-2018,CHQ DEP/397106/OWDEL2/SBI,11800
08-05-2018,FDRL/NATIONAL ELECTRONIC F,-63717
02-01-2016,BHBVN,-497595
18-01-2016,IMPS O/W  160116 1C,-33072071.1
25-09-2015,IMPS I/W 250915 4C,63050.06
06-06-2017,909000040774 Draw Down Cr,96300000
08-11-2016,BIGTREE ENTERTAINMENT PRI,-2065
08-12-2015,CASHDEP/DAMAN/,61600
30-11-2015,Indiaforensic SERVICES INDIA PVT,-14657442
16-07-2018,IMPS 819721826621 FROM OX,200000
23-11-2015,CASHDEP/KAROL BAGH/,895000
19-01-2018,NEFT/N019180456659670/PAY,12946.57
03-06-2017,IB:TPFT000038558521409000,70000
19-01-2019,Indiaforensic RUP SETT 190119,-3501.25
11-07-2016,NEFT/FDRL428254257/Indiaforensic,5000000
23-10-2018,NPCI_SETT_DIFF_221018,3000
06-03-2017,IMPS OW 04032017 1C,-36301590.25
15-06-2018,IRTT00701817690,-1804.9
21-04-2016,CASHDEP/PITAMPURA/TP,533000
19-01-2017,CASHDEP/KAROL BAGH/LCT,608000
11-05-2017,RUPAY POS ACQ SETTL 10051,868608.33
08-11-2017,FDRL/NATIONAL ELECTRONIC F,-45742
02-04-2016,RTGS/ICICH16093219012/Indfor,5000000
30-07-2018,CHQ DEP/928526/OWDEL1/IOB,11800
08-08-2015,DSB CASH PICKP Indiaforensic MET,2000000
26-08-2016,NEFT/KKBK162395743203/Acc,4999994
11-01-2017,RTGS/SBINH17011030666/Indfor,7400000
16-05-2018,FDRL/INTERNAL FUND TRANSFE,-1000000
08-03-2016,CASHDEP/DOMBIVLI-E/,55000
14-10-2015,CASHDEP/NEW-DELHI/,111500
16-03-2017,CR/704710230780/RMCPL00223/,-4000
28-12-2015,IMPS IW 271215 1C,128704.39
06-11-2015,CASHDEP/KAROL BAGH/,405000
11-05-2015,CASHDEP/NEW-DELHI/,884000
10-09-2018,Indiaforensic NFS SETT 07-09-201,-7500
29-09-2015,CASHDEP/GURGAON/,1218900
22-03-2018,FDRL/REAL TIME GROSS SETTL,-2000000
15-04-2016,RTGS/ICICH16106326262/Indfor,3000000
20-02-2016,RTGS/ICICH16051274541/Indfor,10000000
24-08-2017,7.2362E+11,200000
17-03-2016,IMPS IW 17032016 4C,35647.76
12-02-2019,FDRL/INTERNAL FUND TRANSFE,300000
22-05-2018,FDRL/REAL TIME GROSS SETTL,-1000000
14-01-2019,NEFT/N014190726196607/TEC,200000
29-09-2018,CHQ DEP/953968/OWDEL1/SBI,15000
21-11-2015,RTGS/ICICH15325212403/Indfor,15000000
09-02-2018,FDRL/INTERNAL FUND TRANSFE,-2000000
03-04-2017,CASHDEP/KAROL BAGH/,300000
10-11-2016,CASHDEP/FARIDABAD/TP/MOBI,2073000
31-12-2015,CASHDEP/GURGAON/,1128500
30-09-2016,CASHDEP/RAJOURI/,263300
02-01-2019,FDRL/NATIONAL ELECTRONIC F,-1027857.79
29-05-2017,MEHAR ENTERTAINMENT PRIVA,-4383
30-08-2018,Indiaforensic VISA ACQ DOM300818,3662754.29
06-11-2015,IMPS OW  1C 05.11.2015,-31444825.03
02-03-2017,CASHDEP/GURGAON/LCT,960000
05-09-2016,TRF FROM Indiaforensic SERVICES,10000000
09-05-2016,IMPS IW 09052016 3C,142014.77
19-09-2016,NEFT/SBIN716263621799/Indfor,14900000
12-01-2017,CASHDEP/GURGAON/LCT,97500
22-12-2017,FDRL/INTERNAL FUND TRANSFE,15000000
08-10-2015,INTERNAL FUND TRANSFER IN,-8000000
08-01-2018,FDRL/INTERNAL FUND TRANSFE,15000000
30-01-2017,CASHDEP/GURGAON/LCT,447000
17-01-2017,NEFT/SBHY217017186131/YOG,95000
05-08-2016,NEFT/KKBK162184404350/Acc,9999992
12-04-2016,IMPS IW 12042016 4C,82446.34
28-07-2015,INTERNAL FUND TRANSFER IN,-15000000
16-05-2018,TRF FROM  Indiaforensic SERVICES,10500000
18-02-2017,CASHDEP/INDORE/LCT,19800
15-07-2017,LOCALCUBE COMMERCE PRIVAT,-1465
25-01-2016,BSES YAMUNA POWER LIMITED,-8570
12-01-2016,PAYU PAYMENTS PRIVATE LIM,-17856
02-03-2017,TECHJINI DIGITAL SERVICES,-12
14-08-2018,Indiaforensic SERVICES INDIA PVT,189543
16-10-2018,Indiaforensic NFS SETT 12-10-201,-2000
31-03-2018,BEAT CSH PKP DEL GURG 617,536000
25-08-2015,INDIAIDEAS.COM LTD,-225693
19-09-2018,AEPS ACQ CR ADJ FEES 1809,-378.19
14-08-2017,7.2262E+11,200000
29-09-2016,Indiaforensic AEPS NPCI DEP SET,-87541
27-07-2017,LOCALCUBE COMMERCE PRIVAT,-495
27-07-2017,CR719813573726/RMCPL09033/1,-10000
19-12-2016,Indiaforensic AEPS NPCI WDL SET,1563043
15-06-2015,DSB CASH PICKP IndforGNGR150,319470
21-10-2016,RTGS/SBINH16295809518/Indfor,9900000
11-02-2019,CASHDEP/SELF/NERUL/,67100
07-06-2018,FDRL/NATIONAL ELECTRONIC F,-3985017
18-08-2018,FDRL/INTERNAL FUND TRANSFE,-7000000
23-08-2017,NEFT/20271619751DC/SARVAT,340000
27-10-2017,AEPS ACQ REP ADJ FEES 261,50.51
07-04-2017,Indiaforensic SERVICES INDIA PVT,-1647555.46
14-11-2018,IMPS 831822185055 FROM GA,199999
20-11-2015,PVR LIMITED,-101026
16-05-2016,CASHDEP/GURGAON/,2501500
28-10-2015,IMPS O/W 281015 3C,-53363637.21
07-10-2016,CASHDEP/VIKASMARG/TP,1365000
28-05-2018,RTGS/UTIBH18148640251/PER,400000
09-01-2018,CR735515169185/RMCPL11624/2,-10000
03-05-2018,CR811812844469/RMCPL22724/2,-2400
15-02-2017,Indiaforensic SERVICES INDIA PVT,-1052382.55
15-04-2017,NEFT/P17041343632870/SUNI,85000
16-10-2017,FDRL/INTERNAL FUND TRANSFE,-15000000
19-08-2015,RTGS/SBINH15231960734/Indfor,14000000
04-06-2016,CASHDEP/RAJOURI/,262000
11-12-2018,Indiaforensic NFS SETT 07-12-201,-10000
10-09-2018,Indiaforensic NFS SETT 07-09-201,-6500
18-05-2018,NEFT/N138180544177644/Indfor,6800000
20-11-2015,RTGS/SBINH15324547526/Indfor,14900000
03-02-2017,FDRL/INTERNAL FUND TRANSFE,15000000
02-03-2019,Indiaforensic NFS SETT 28-02-201,-10000
06-03-2017,CASHDEP/GURGAON/LCT,855000
14-05-2018,CHQ DEPOSIT RETURN/246717,-18
06-08-2016,INTERNAL FUND TRANSFER IN,-10000000
29-10-2018,TRF TO  Indiaforensic SERVICES I,-1000000
23-03-2016,INTERNAL FUND TRANSFER IN,-15000000
27-10-2017,FDRL/NATIONAL ELECTRONIC F,-73334
09-02-2017,RTGS/ICICH17040739898/Indfor,10000000
03-01-2017,NEFT/FDRL392043282/Indiaforensic,3000000
08-11-2017,FDRL/NATIONAL ELECTRONIC F,-16175
12-12-2017,FDRL/NATIONAL ELECTRONIC F,-18237
11-01-2017,FDRL/INTERNAL FUND TRANSFE,-10000000
07-01-2019,BBPS DT 06012019,-146158.69
16-03-2018,NEFT/SBIN818075051179/Indfor,2000000
31-03-2016,CASHDEP/PANIPAT/0146,151000
17-11-2017,NEFT/N321170412561121/PAY,12137.12
17-10-2016,SONATA FINANCE PRIVATE LI,-10100
16-05-2018,FDRL/NATIONAL ELECTRONIC F,-98376
13-02-2018,IMPS 804421740160 FROM OX,200000
23-09-2016,TRF TO  Indiaforensic SERVICES I,-10000000
12-01-2016,CASHDEP/GURGAON/,371500
19-12-2018,FDRL/INTERNAL FUND TRANSFE,-400000
09-06-2016,CASHDEP/VIKASMARG/TP,300000
12-11-2018,TRF TO  Indiaforensic SERVICES I,-2000000
07-03-2018,FDRL/NATIONAL ELECTRONIC F,-27685
11-07-2018,NEFT/SBIN918192434463/NAR,51273
05-09-2018,FDRL/INTERNAL FUND TRANSFE,-200000
26-07-2016,Sweep Trf To: 40900036427,-5404704
25-02-2019,IMPS 905618767784 FROM SA,200000
17-10-2017,FDRL/INTERNAL FUND TRANSFE,15000000
28-08-2015,RTGS/YESBH15240598034/Indfor,-10000000
20-12-2018,CHQ DEP/3225/OWDEL1/HDFC/,15000
06-12-2017,TRF FROM  Indiaforensic SERVICES,5000000
10-05-2018,FDRL/NATIONAL ELECTRONIC F,-3500
26-08-2015,CASHDEP/HAUS KHAS/JOHNY,53000
27-07-2015,VAISHANVI AIR CONDITIONER,-5445
09-09-2016,TELPOWER COMMUNICATION CO,-33734
06-01-2017,FDRL/INTERNAL FUND TRANSFE,10000000
28-03-2017,NEFT/ALLAH17087187271/Mr.,106000
14-07-2017,CR718417056076/RMCPL02554/0,-3000
03-09-2015,INTERNAL FUND TRANSFER IN,-10000000
05-03-2019,FDRL/INTERNAL FUND TRANSFE,500000
23-09-2016,TRF TO  Indiaforensic SERVICES I,-15000000
09-08-2016,TRF FROM  Indiaforensic SERVICES,15000000
26-05-2015,CASHDEP/HAUS KHAS/CASH DE,178500
17-10-2017,FDRL/INTERNAL FUND TRANSFE,5000000
27-07-2017,BEAT CSH PKP DEL GURG 163,53800
27-08-2018,CR822809111058/RMCPL17831/1,-2100
22-11-2018,Indfor INCOME INDO REMI20111,-3960
